category,job,status,pricing_unit,base_cad,additional_cad,freelancer_range_cad,company_range_cad,confidence,stop_conditions,sources
,"Door knob/lever replacement, existing bore/latch prep",handyman_ok,"per knob/lever set, labour only, customer supplies hardware",$90-$150 first set,$35-$60 each additional same visit,$70 low / $110 target / $160 high,$150-$250,medium,"Stop if exterior security door is damaged, bore/backset is non-standard, latch mortise needs major routing, multipoint/mortise lock, access-control wiring, or condo/fire-door approval is required.",https://www.taskrabbit.ca/cost-guides/general-handyman; https://buildman.ca/handyman-cost-toronto.html; https://taskpin.co/services/door_repair; https://www.homestars.com/handyman-services/locksmith-pros/toronto
,Deadbolt replacement in existing bore,handyman_ok,"per deadbolt, existing standard 2-1/8 in bore and aligned strike, labour only",$120-$175 first deadbolt,$60-$90 each additional same visit,$100 low / $140 target / $200 high,$150-$400,medium-high,"Stop if rekeying/master keying, high-security restricted cylinder, break-in damage, steel/commercial/fire door, strike reinforcement beyond long screws, or poor door alignment prevents smooth throw.",https://www.homestars.com/handyman-services/locksmith-pros/toronto; https://ontariodoorrepair.ca/residential-door-repair-cost-toronto-2026; https://matrixlocksmith.ca/locksmith-price-list-toronto/; https://247gtalocksmith.com/blog/cost-of-changing-door-locks
,New deadbolt drilling and install,caution,"per new deadbolt opening, includes drilling/cross-bore/edge bore/strike mortise labour only",$175-$250 first deadbolt,$100-$150 each additional same visit,$150 low / $200 target / $300 high,$200-$500,medium,"Stop if metal/steel or fibreglass door needs specialty bits, door has glass close to bore, mortise/multipoint hardware, condo/fire-rated exterior door, high-security lock warranty requirement, or drilling accuracy/security liability is beyond comfort.",https://247gtalocksmith.com/blog/cost-of-changing-door-locks; https://premiumlocksmith.ca/deadbolt-installation-in-toronto; https://torontoconstructionnetwork.com/construction-brain/how-much-should-i-budget-for-deadbolt-lock-install-in-toront-3fb672; https://www.homestars.com/handyman-services/locksmith-pros/toronto
,Hinge replacement,handyman_ok,"per door, replace standard residential hinge set, labour only",$120-$180 first door,$70-$110 each additional door same visit,$100 low / $150 target / $220 high,$150-$350,medium-high,"Stop if door is very heavy, exterior/security/fire-rated, frame is split/rotted, hinge mortises need relocation, two-person handling is needed, or door/frame is out of square beyond hinge adjustment.",https://taskpin.co/services/door_repair; https://ontariodoorrepair.ca/residential-door-repair-cost-toronto-2026; https://www.taskrabbit.ca/locations/toronto/door-repair; https://www.taskrabbit.ca/cost-guides/general-handyman
,"Hinge screw repair, long screws, plug stripped holes",handyman_ok,"per door for minor sag/loose-hinge repair, no full frame repair",$80-$140 first door,$30-$60 each additional door same visit,$70 low / $110 target / $170 high,$120-$250,medium,"Stop if jamb is cracked/rotted, screws will not bite into structure, hinge leaf is bent/cracked, door still sags after repair, or security/exterior door needs reinforcement plates.",https://www.taskrabbit.ca/cost-guides/general-handyman; https://ontariodoorrepair.ca/residential-door-repair-cost-toronto-2026; https://taskpin.co/services/door_repair; https://www.mrhandyman.com/blog/how-to-fix-a-loose-door-latch-so-your-door-doesn
,Strike/latch adjustment for door that will not latch,handyman_ok,"per door, minor strike tab/file/chisel/hinge tweak only",$90-$150 first door,$40-$70 each additional door same visit,$80 low / $120 target / $180 high,$120-$250,medium-high,"Stop if deadbolt will not throw because frame/door has shifted badly, door needs planing, frame repair, lock replacement, security strike reinforcement, or exterior door cannot be left secure.",https://www.taskrabbit.ca/cost-guides/general-handyman; https://ontariodoorrepair.ca/residential-door-repair-cost-toronto-2026; https://taskpin.co/services/door_repair; https://www.mrhandyman.com/blog/how-to-fix-a-loose-door-latch-so-your-door-doesn
,Door stopper install or replacement,handyman_ok,"per simple wall/baseboard/hinge-pin stopper, hardware extra",$70-$120 first stopper or bundle minimum,$20-$40 each additional same visit,$60 low / $90 target / $140 high,$150 minimum-$255 small-job block,low (weak direct local evidence; priced from Toronto handyman minimums and small-task batching),"Stop if wall has hidden services, tile/glass/stone drilling is required, fire door clearances are affected, or customer expects patch/paint of prior impact damage included.",https://www.taskrabbit.ca/cost-guides/general-handyman; https://buildman.ca/handyman-cost-toronto.html; https://www.homestars.com/handyman-services/handyman-pros/toronto; https://www.kijiji.ca/b-gta-greater-toronto-area/handyman-services/k0l1700272
,Door closer adjustment or replacement,caution,"per closer; adjustment only or surface/storm/residential closer replacement, parts extra unless stated",$100-$160 adjustment; $150-$300 replacement first closer,$70-$150 each additional closer same visit,$90 low / $150 target / $300 high,$180-$650 surface closer; commercial specialty can exceed $950,medium,"Stop and refer if fire-rated exit, commercial storefront, accessibility opening-force compliance, leaking hydraulic body, concealed/floor closer, panic hardware, access control, or door will not self-close/latch safely.",https://www.ontariodoorrepair.ca/commercial-door-closer-replacement/; https://www.ontariodoorrepair.ca/commercial-door-repair-cost-toronto-2026-guide/; https://taskpin.co/services/door_repair; https://www.homestars.com/handyman-services/locksmith-pros/toronto
,Door sweep and weatherstrip replacement,handyman_ok,"per exterior door, head/jamb weatherstrip plus sweep where needed, materials extra unless stated",$120-$200 first door labour; common all-in $150-$320,$60-$100 each additional door same visit,$100 low / $160 target / $280 high,$150-$320 per door; $400-$650 for 4-6 door/window bundle,medium-high,"Stop if threshold/frame is rotted, door requires planing or rehanging, custom kerf/threshold parts are unavailable, water intrusion needs exterior envelope repair, or condo/fire door rating is affected.",https://renohouse.ca/services/handyman/weather-stripping-door-window; https://ontariodoorrepair.ca/residential-door-repair-cost-toronto-2026; https://taskpin.co/services/door_repair; https://www.taskrabbit.ca/cost-guides/general-handyman
,Peephole/door viewer install,handyman_ok,"per door viewer, standard wood/metal residential door, hardware extra",$80-$130 first peephole,$30-$50 each additional same visit,$70 low / $100 target / $160 high,$150 minimum-$225,"low (weak local evidence; direct peephole pricing mostly non-local, anchored to Toronto handyman minimums)","Stop if fire-rated condo entry approval is required, door is steel/fibreglass with insulation/glass near hole, viewer height must meet accessibility/property rules, or mistake would void door warranty.",https://www.taskrabbit.ca/cost-guides/general-handyman; https://buildman.ca/handyman-cost-toronto.html; https://www.countbricks.com/post/peephole-installation-cost; https://www.reddit.com/r/Home/comments/1898ne3/is_a_peephole_worth_installing_on_front_and_side/
,Chain lock or swing-bar door guard install,handyman_ok,"per surface-mounted security guard, hardware extra",$80-$130 first guard,$30-$50 each additional same visit,$70 low / $100 target / $160 high,$150 minimum-$250,low (weak direct local evidence; Kijiji shows local hardware/requests but little fixed labour pricing),"Stop if customer expects forced-entry security rating, door/jamb is weak, condo/fire-door rules prohibit added hardware, screws cannot anchor into solid material, or child-safety/accessibility concerns are present.",https://www.kijiji.ca/b-gta-greater-toronto-area/door-lock/k0l1700272; https://www.taskrabbit.ca/cost-guides/general-handyman; https://buildman.ca/handyman-cost-toronto.html; https://www.homestars.com/handyman-services/locksmith-pros/toronto
,"Smart lock install/setup, existing compatible bore",caution,"per customer-supplied smart lock, mechanical fit plus basic app/code setup",$150-$250 first smart lock,$90-$150 each additional same visit,$130 low / $180 target / $300 high,$150-$450 typical; up to $700 for higher-security/complex installs,medium-high,"Stop/refer if no existing deadbolt hole, mortise/multipoint lock, steel/fire-rated/condo exterior door, access-control wiring, hub/network troubleshooting beyond pairing, poor latch alignment causing motor strain, warranty requires locksmith install, or customer wants security certification.",https://prosfix.ca/locations/toronto/smart-lock-installation; https://matrixlocksmith.ca/locksmith-price-list-toronto/; https://770locksmith.ca/smart-lock-installation; https://renohouse.ca/blog/smart-lock-installation-guide-toronto; https://www.homestars.com/handyman-services/locksmith-pros
,Window screen mesh replacement,handyman_ok,per window screen; bundle after minimum visit,$85-$150 first visit/minimum or first 1-3 screens,$25-$65 per additional standard screen,$30 / $50 / $85 per screen; target $120 minimum then $40-$55 each,"$25-$295 depending mobile minimum, mesh, size, access",medium,"Stop if frame is bent/corroded, upper-floor exterior access, specialty/pet/no-see-um mesh not stocked, or client expects new full frame.",https://screenexpress.ca/faq; https://windowfixgta.ca/pricing; https://revitalizewindowsanddoors.com/cost-to-repair-window-screen-mesh-in-the-gta/; https://www.reddit.com/r/handyman/comments/1jzcie3/pricing_for_window_screen_replacement/ (weak sentiment)
,Screen door mesh repair/replacement,handyman_ok,per sliding/storm screen door re-mesh,$125-$180 first door,$100-$150 per additional door same visit,$100 / $135 / $180; weak Kijiji/Facebook snippet supports $135/door,"$80-$495; low-end repair starts, high-end full mobile sliding-screen re-mesh",medium,"Stop if screen door frame is bent, corroded, out of square, retractable/custom system, pet mesh upgrade not stocked, or door must be removed from unsafe balcony access.",https://renohouse.ca/toronto/screen-door-repair; https://screenexpress.ca/faq; https://revitalizewindowsanddoors.com/how-much-does-it-cost-to-replace-mesh-on-a-sliding-screen-door; Kijiji/Facebook search snippet for Meshmen $135/door (weak)
,Screen spline replacement / re-tension,handyman_ok,per screen when mesh is reusable,$75-$120 minimum visit,$10-$25 per additional screen if simple,$40 / $75 / $120; target only as add-on or bundle,$45-$85 if treated as screen repair; rarely itemized separately,low,"Stop if mesh is brittle/torn, spline channel damaged, frame corners loose, or client expects invisible patching instead of full re-screen.",https://screenexpress.ca/faq; https://windowfixgta.ca/pricing; https://revitalizewindowsanddoors.com/cost-to-repair-window-screen-mesh-in-the-gta/
,Screen frame corner repair,handyman_ok,per window screen frame/corner repair,$65-$120 first screen,$25-$50 per additional screen/corner set,$40 / $75 / $120; target $80 first then $35-$45 each,$65-$120 standard frame replacement; $295-$395 custom full replacement at high-service specialists,low-medium,"Stop if aluminum rails are bent/kinked, frame is non-standard or missing, colour match is required, or new custom fabrication is needed.",https://screenexpress.ca/faq; https://windowfixgta.ca/pricing; https://revitalizewindowsanddoors.com/how-much-does-it-cost-to-replace-a-window-screen-in-the-gta/
,Patio screen door roller/wheel replacement,handyman_ok,"per sliding screen door, rollers adjusted/replaced",$95-$150 first door plus parts,$35-$75 per additional screen door/roller set same visit,$75 / $120 / $180; parts often $10-$25,$80-$300 for patio/screen door repair; glass patio door rollers can be $495-$650,medium,"Stop if it is the heavy glass patio door not the screen, track is bent, door must be lifted by two people, balcony access unsafe, or replacement roller type is unavailable.",https://screenexpress.ca/faq; https://renohouse.ca/toronto/screen-door-repair; https://screendoors.ca/sliding-screen-doors/; https://revitalizewindowsanddoors.com/sliding-patio-door-roller-replacement-cost-guide
,Screen door handle/latch,handyman_ok,per screen/storm/sliding screen door handle or latch,$90-$140 first door plus parts,$35-$70 per additional latch same visit,$65 / $110 / $170; common parts $12-$25,$50-$200 screen door repair or $95-$200 door hardware repair,medium,"Stop if keyed/security lock, patio glass-door lock, frame is cracked, strike plate cannot align, or condo/security requirements require locksmith/door specialist.",https://renohouse.ca/toronto/screen-door-repair; https://screendoors.ca/sliding-screen-doors/; https://windowfixgta.ca/pricing; https://enlivedoors.ca/sliding-door-repair
,Screen/storm door closer,handyman_ok,per surface-mounted closer replacement/adjustment,$95-$150 first closer plus parts,$40-$75 per additional closer same visit,$70 / $115 / $175,$95-$200 as door hardware repair; exact closer pricing weak,low,"Stop if door/frame is warped, closer mount is stripped beyond simple repair, glass storm insert risk, commercial closer, or life-safety/fire-rated door.",https://windowfixgta.ca/pricing; https://renohouse.ca/toronto/screen-door-repair; https://www.taskrabbit.com/services/handyman
,Window crank/operator replacement,caution,per casement/awning window crank/operator,$110-$175 first crank plus parts if not included,$75-$125 per additional crank same visit,$85 / $130 / $220; target $130 if common hardware is on hand,"$75-$695; low GTA shop range includes hardware, premium mobile specialist much higher",medium-high,"Stop if sash will not close due to hinge/track/frame failure, hardware is discontinued, rotten wood/stripped mounting, upper exterior access, glass/seal failure, or egress/security concern.",https://windowfixgta.ca/pricing; https://revitalizewindowsanddoors.com/how-much-does-it-cost-to-replace-my-window-crank-operator/; https://homestars.com/companies/206616-fix-n-go-glass-screen-repairs (weak review: $250 for 3 cranks)
,Window lock/latch replacement,caution,per window lock/latch/hardware item,$95-$150 first lock plus parts,$50-$90 per additional lock same visit,$75 / $115 / $180,$75-$250 window hardware/lock repair depending part and access,medium,"Stop if keyed security lock, broken glass, egress window issue, child-safety/legal requirement, frame damage, or exact matching hardware cannot be sourced.",https://windowfixgta.ca/pricing; https://www.dw-locksmiths.com/window-repair?area=toronto; https://icarusservices.ca/service/windows/repairs/lock/; https://windowfixgta.ca/blog/window-repair-vs-replacement-what-gta-homeowners-are-actually-paying-in-2026 (search snippet)
,Curtain rods / blinds installation,handyman_ok,per window/opening; one rod or blind set,$100-$150 first window/minimum,$50-$90 per additional window; lower if identical and pre-measured,$50 / $80 / $125 per window; target $120 minimum then $65-$75 each,$60-$150 per window; TaskRabbit starts around $64/hr in Toronto,high,"Stop if drilling into concrete ceiling, tile/stone, unknown wiring/plumbing, high ladder, motorized hardwired blinds, or custom cutting/fabrication.",https://www.taskrabbit.ca/locations/toronto/blinds-installation; https://urbantasker.com/blog/how-much-does-handyman-cost-in-greater-toronto-area-gta-ontario-canada; https://jan-handyman.com/interior-installation/curtain-blind-installation/; https://homestars.com/handyman-services/price-guides/handyman-services-cost-toronto
,Shelves / small wall shelving,handyman_ok,per shelf or small bracketed unit,$110-$160 first shelf/minimum,$60-$100 per additional shelf same wall/visit,$60 / $95 / $150 per shelf; target $120 first then $75 each,$100-$150 per floating shelf; $200-$350 for wall cabinet/shelving unit,high,"Stop if hidden services suspected, masonry/condo concrete needs special anchors, heavy load rating not provided, floating shelf hardware is poor, or cabinet/structural support is required.",https://urbantasker.com/blog/how-much-does-handyman-cost-in-greater-toronto-area-gta-ontario-canada; https://taskpin.co/services/wall_hanging_and_mounting; https://www.taskrabbit.com/blog/how-much-does-it-cost-to-hire-a-tasker/; https://buildman.ca/tv-wall-mounting.html
,Mirrors / pictures / artwork hanging,handyman_ok,per item; gallery wall priced as batch,$90-$140 first item/minimum,$30-$75 per additional light item; $80-$150 heavy/large,$40 / $80 / $150 per item; target $120 minimum then $45-$60 each,"$80-$120 single picture, $100-$250 mirror, $150-$250 gallery wall",high,"Stop if item is very heavy/frameless glass, no rated hanging hardware, plaster/brick/concrete complexity, stairwell/height risk, or two-person lift required.",https://taskpin.co/services/wall_hanging_and_mounting; https://urbantasker.com/blog/how-much-does-handyman-cost-in-greater-toronto-area-gta-ontario-canada; https://www.taskrabbit.com/blog/how-much-does-it-cost-to-hire-a-tasker/; https://www.taskrabbit.ca/locations/toronto/blinds-installation
,Coat hooks / towel bars / small holders,handyman_ok; towel bars in tile = caution,per small wall-mounted item,$85-$120 minimum/first item,$25-$55 per additional item same visit,$35 / $55 / $90 per item; target $100 minimum then $35-$45 each,$100-$200 if billed as handyman/mounting first-hour service,medium,"Stop if tile/stone drilling without proper bit, shower waterproofing risk, heated towel bar/electrical, hollow door weak substrate, grab-bar/safety-critical use, or commercial/washroom code issue.",https://urbantasker.com/blog/how-much-does-handyman-cost-in-greater-toronto-area-gta-ontario-canada; https://www.taskrabbit.com/services/mounting; https://www.taskrabbit.com/services/handyman; https://buildman.ca/tv-wall-mounting.html
,Cabinet pulls/knobs install or swap,handyman_ok,"per visit; first 6-10 pulls if holes match, materials extra",$120-$180,$5-$12 each matching-hole pull/knob; $10-$20 each if measuring/drilling new holes,low $90 / target $150 / high $250,"$150-$400 full kitchen; broad cabinet-hardware guides show $5-$30 labour per handle or $120-$2,400 for 20-40 handles","medium; good general Toronto handyman evidence, cabinet-specific evidence is mostly non-local/national plus local guide snippets","Stop/requote for misaligned old holes, damaged doors, custom jigs, stone/metal panels, expensive/high-gloss cabinetry, refacing/repair beyond hardware, or client-supplied hardware that does not fit.",https://www.homestars.com/handyman-services/price-guides/handyman-services-cost-toronto; https://www.taskrabbit.ca/cost-guides/general-handyman; https://buildman.ca/handyman-cost-toronto.html; https://www.homeguide.com/costs/cost-to-install-cabinet-hardware; Kijiji search snippets: Toronto handyman ads around $30-$50/hr; weak evidence
,"Cabinet hinge replacement/adjustment, including soft-close hinge swaps",handyman_ok,"per visit; first 2-4 doors/hinges, parts extra",$130-$200,$15-$35 per door/hinge set when same cup/bore pattern; $40-$75 per problem door needing drilling or repair,low $100 / target $175 / high $300,$150-$400 for small hinge visit; $120-$600 for cabinet repair in broad guides,medium-low; pricing inferred from Toronto minimums and non-local cabinet repair/hardware data,"Stop/requote if hinge holes are stripped beyond plug-and-screw repair, doors are warped, cabinet boxes are loose, new concealed-hinge boring is required, or alignment needs structural cabinet repair.",https://www.homestars.com/handyman-services/price-guides/handyman-services-cost-toronto; https://www.taskrabbit.ca/cost-guides/general-handyman; https://buildman.ca/handyman-cost-toronto.html; https://www.homeguide.com/costs/cost-to-install-cabinet-hardware; TaskRabbit Toronto page snippets list cabinet repairs/hinge reinstall as common handyman work
,Toilet seat replacement,handyman_ok,per toilet seat; seat supplied by client or billed separately,$75-$125 standalone; $50-$100 when bundled or already on site,$25-$50 per additional toilet seat in same visit,low $60 / target $100 / high $150,$100-$200 practical visit minimum; RenoHouse lists $50-$100 with installation,medium-high; direct Toronto toilet-seat price plus Toronto handyman minimums,"Stop/requote if bolts are seized/corroded and risk cracking porcelain, toilet is loose/leaking, seat is bidet/electrical/plumbed, shutoff valve leaks, or porcelain is cracked.",https://renohouse.ca/blog/toilet-installation-repair-guide; https://www.homestars.com/handyman-services/price-guides/handyman-services-cost-toronto; https://www.taskrabbit.ca/cost-guides/general-handyman; https://buildman.ca/handyman-cost-toronto.html
,Smoke/CO alarm battery replacement only,handyman_ok,"per visit; first 1-3 alarms if accessible, batteries extra",$75-$125 standalone; $40-$75 if bundled with other small jobs,$10-$20 per additional alarm battery; add ladder/access premium if needed,low $50 / target $100 / high $150,$120-$250 service-call equivalent; many companies prefer alarm replacement or electrical-service pricing,"medium; official safety scope is strong, exact battery-only pricing is inferred from Toronto minimums","Stop if alarm is hardwired and requires disconnecting wiring, alarm is expired over 10 years, alarm fails test after battery, CO alarm is sounding, fire alarm system is building/common element, ceiling is unsafe/high, or rental/condo rules require landlord/building-approved contractor.",https://www.toronto.ca/community-people/public-safety-alerts/safety-tips-prevention/safety-equipment-devices/smoke-alarms/; https://www.homestars.com/handyman-services/price-guides/handyman-services-cost-toronto; https://www.taskrabbit.ca/cost-guides/general-handyman; https://buildman.ca/handyman-cost-toronto.html; https://esasafe.com/consumer-protection/hire-licensed/
,"Battery-only smoke/CO alarm replacement, like-for-like no wiring",handyman_ok,"per visit; first alarm installed/tested, alarm unit extra",$90-$150,$20-$45 per additional battery-only alarm in same visit; hardware/materials extra,low $75 / target $125 / high $200,$120-$250 handyman/company visit; hardwired electrician comparison $80-$150 replacement or $150-$250 installed per unit,"medium; battery-only labour inferred from minimums, hardwired comparison has direct local electrician source","Only battery-operated, no wiring. Stop/refer if hardwired, interconnected, new wiring/location, low-voltage/fire alarm panel, condo common system, alarm placement/code audit dispute, or device is not CSA/ULC-listed/current.",https://www.toronto.ca/community-people/public-safety-alerts/safety-tips-prevention/safety-equipment-devices/smoke-alarms/; https://www.koljibroselectrical.ca/smoke-detector-installation-toronto; https://esasafe.com/consumer-protection/hire-licensed/; https://www.homestars.com/handyman-services/price-guides/handyman-services-cost-toronto; https://www.taskrabbit.ca/cost-guides/general-handyman
,Thermostat battery replacement only,handyman_ok,per thermostat; no wiring or diagnosis,$75-$125 standalone; $30-$60 when bundled,$10-$20 per additional thermostat; batteries extra,low $50 / target $90 / high $150,$100-$180 handyman/service-call equivalent; thermostat install labour comparison $100-$250,medium-low; battery-only price inferred from Toronto minimums; thermostat wiring/install comparison is stronger,"Stop/refer if thermostat remains blank, heat/cool/fan does not operate after batteries, wires are loose/damaged, C-wire/common wire needed, smart thermostat install/setup requested, furnace/AC fault appears, or any 120V electrical/gas/HVAC service is involved.",https://lloydhvac.com/hvac-contractor/thermostat-installation/; https://esasafe.com/doing-electrical-work/; https://www.homestars.com/handyman-services/price-guides/handyman-services-cost-toronto; https://www.taskrabbit.ca/cost-guides/general-handyman; https://buildman.ca/handyman-cost-toronto.html
,"Furnace filter replacement, accessible return/filter slot only",caution,"per visit; first furnace/air-handler filter, filter extra",$75-$125 standalone; $40-$75 bundled,$10-$25 per additional filter/return if same visit; add cost of filter,low $60 / target $100 / high $150,$150-$250 for basic maintenance/service-call context; HVAC tune-up/maintenance often $200-$500,"medium; filter-only pricing inferred from minimums, safety boundaries strong","Handyman scope is filter-only. Stop/refer for gas smell, CO alarm, burner/ignition/venting issues, furnace panels requiring service access, oil supply-line filters, electrical controls, airflow diagnosis, short-cycling, no heat/no AC, or filter fit/MERV concerns that need HVAC static-pressure judgment.",https://www.ontario.ca/laws/regulation/010215; https://www.homestars.com/handyman-services/price-guides/handyman-services-cost-toronto; https://www.taskrabbit.ca/cost-guides/general-handyman; https://urbantasker.com/handyman/toronto; https://getabetterquote.com/guides/furnace-filter-replacement-frequency-ontario/
,Condo fan coil filter replacement,caution,per fan-coil unit; filter supplied separately unless stocked,$90-$150 first unit,$25-$50 per extra fan-coil filter/unit in same suite; Friendly Filter snippet shows extra fan-coil units at $25/filter,low $75 / target $125 / high $200,$180-$250 + HST for preventive maintenance; specialist diagnostic often around $180 + HST,medium-high for company maintenance; medium-low for freelancer-only filter swap,"Check condo rules first. Stop/refer if unit leaks, has mold, clogged drain pan, actuator/valve/motor issue, electrical control issue, hydronic loop issue, requires coil cleaning beyond wipe/vacuum, building-approved contractor required, or access panel removal risks damage.",https://friendlyfilter.ca/; https://www.condohvacpros.ca/services/condo-heating-systems; https://www.hometradestandards.com/services/condo-hvac-maintenance-repair/; https://www.homestars.com/handyman-services/price-guides/handyman-services-cost-toronto; https://www.taskrabbit.ca/cost-guides/general-handyman
,AC/return air filter replacement,handyman_ok,"per visit; first filter/grille, filter extra",$75-$125 standalone; $40-$75 bundled,$10-$25 per extra return/filter in same visit,low $60 / target $100 / high $150,$150-$250 service-call/maintenance context; seasonal AC tune-up comparison $200-$500,medium; exact filter-only pricing inferred from Toronto minimums and maintenance guides,"Filter/grille only. Stop/refer for no cooling, refrigerant, coil cleaning, condensate drain work, electrical connections, blower issues, frozen coil, high-MERV/static-pressure concerns, rooftop/outdoor AC work, or shared condo/building systems.",https://thandymanservices.ca/seasonal-maintenance-filter-changes-toronto; https://www.taskrabbit.ca/cost-guides/general-handyman; https://www.homestars.com/handyman-services/price-guides/handyman-services-cost-toronto; https://urbantasker.com/handyman/toronto; https://buildman.ca/handyman-cost-toronto.html
,Range hood grease/charcoal filter clean or replacement,handyman_ok,"per range hood; removable filters only, parts extra",$90-$140,$15-$30 per additional removable filter or charcoal insert in same visit,low $75 / target $120 / high $180,$120-$220 practical small-service range; appliance repair comparison $90-$200 for range hood repair,"medium; range-hood repair source is local, filter-only labour inferred from minimums","Stop/refer for fan motor, switches, wiring, light socket beyond bulb, duct alterations, hood removal, commercial hood/fire suppression, grease fire damage, inaccessible heavy hood, or gas-cooktop clearance/venting issues needing appliance/HVAC/electrical pro.",https://appliancealliance.ca/range-hood-repair/; https://www.homestars.com/handyman-services/price-guides/handyman-services-cost-toronto; https://www.taskrabbit.ca/cost-guides/general-handyman; https://buildman.ca/handyman-cost-toronto.html; https://esasafe.com/doing-electrical-work/
